ablation_value,comparison,delta,fixture_id,l4_value,metric
0.0,L4 minus L4_no_push,0.0,final-v1:long_chain_fork:active:business-0,0.0,unsafe_rate
1.0,L4 minus L4_no_push,0.0,final-v1:long_chain_fork:active:business-0,1.0,safe_rate
1.0,L4 minus L4_no_push,0.0,final-v1:long_chain_fork:active:business-0,1.0,unrelated_retention
0.0,L4 minus L4_no_push,0.0,final-v1:long_chain_fork:active:business-0,0.0,overfreeze_rate
0.0,L4 minus L4_no_push,0.0,final-v1:long_chain_fork:active:business-0,0.0,propagation_handoffs_per_task
1.0,L4 minus L4_no_push,0.0,final-v1:long_chain_fork:active:business-0,1.0,route_coverage
1507.3125,L4 minus L4_no_push,-210.1875,final-v1:long_chain_fork:active:business-0,1297.125,tokens_per_decision
0.0,L4 minus L4_no_fact,0.0,final-v1:long_chain_fork:active:business-0,0.0,unsafe_rate
1.0,L4 minus L4_no_fact,0.0,final-v1:long_chain_fork:active:business-0,1.0,safe_rate
1.0,L4 minus L4_no_fact,0.0,final-v1:long_chain_fork:active:business-0,1.0,unrelated_retention
0.0,L4 minus L4_no_fact,0.0,final-v1:long_chain_fork:active:business-0,0.0,overfreeze_rate
0.0,L4 minus L4_no_fact,0.0,final-v1:long_chain_fork:active:business-0,0.0,propagation_handoffs_per_task
1.0,L4 minus L4_no_fact,0.0,final-v1:long_chain_fork:active:business-0,1.0,route_coverage
1515.1875,L4 minus L4_no_fact,-218.0625,final-v1:long_chain_fork:active:business-0,1297.125,tokens_per_decision
0.0,L4 minus L4_no_recovery,0.0,final-v1:long_chain_fork:active:business-0,0.0,unsafe_rate
1.0,L4 minus L4_no_recovery,0.0,final-v1:long_chain_fork:active:business-0,1.0,safe_rate
1.0,L4 minus L4_no_recovery,0.0,final-v1:long_chain_fork:active:business-0,1.0,unrelated_retention
0.0,L4 minus L4_no_recovery,0.0,final-v1:long_chain_fork:active:business-0,0.0,overfreeze_rate
0.0,L4 minus L4_no_recovery,0.0,final-v1:long_chain_fork:active:business-0,0.0,propagation_handoffs_per_task
1.0,L4 minus L4_no_recovery,0.0,final-v1:long_chain_fork:active:business-0,1.0,route_coverage
1333.0,L4 minus L4_no_recovery,-35.875,final-v1:long_chain_fork:active:business-0,1297.125,tokens_per_decision
0.0,L4 minus L3_coarse,0.0,final-v1:long_chain_fork:active:business-0,0.0,unsafe_rate
1.0,L4 minus L3_coarse,0.0,final-v1:long_chain_fork:active:business-0,1.0,safe_rate
1.0,L4 minus L3_coarse,0.0,final-v1:long_chain_fork:active:business-0,1.0,unrelated_retention
0.0,L4 minus L3_coarse,0.0,final-v1:long_chain_fork:active:business-0,0.0,overfreeze_rate
0.0,L4 minus L3_coarse,0.0,final-v1:long_chain_fork:active:business-0,0.0,propagation_handoffs_per_task
1.0,L4 minus L3_coarse,0.0,final-v1:long_chain_fork:active:business-0,1.0,route_coverage
1307.5,L4 minus L3_coarse,-10.375,final-v1:long_chain_fork:active:business-0,1297.125,tokens_per_decision
0.0,L4 minus verify_all,0.0,final-v1:long_chain_fork:active:business-0,0.0,unsafe_rate
1.0,L4 minus verify_all,0.0,final-v1:long_chain_fork:active:business-0,1.0,safe_rate
1.0,L4 minus verify_all,0.0,final-v1:long_chain_fork:active:business-0,1.0,unrelated_retention
0.0,L4 minus verify_all,0.0,final-v1:long_chain_fork:active:business-0,0.0,overfreeze_rate
0.0,L4 minus verify_all,0.0,final-v1:long_chain_fork:active:business-0,0.0,propagation_handoffs_per_task
1.0,L4 minus verify_all,0.0,final-v1:long_chain_fork:active:business-0,1.0,route_coverage
1324.8125,L4 minus verify_all,-27.6875,final-v1:long_chain_fork:active:business-0,1297.125,tokens_per_decision
0.0,L4 minus L4_no_push,0.0,final-v1:long_chain_fork:authority_unknown:business-0,0.0,unsafe_rate
0.5,L4 minus L4_no_push,0.0,final-v1:long_chain_fork:authority_unknown:business-0,0.5,safe_rate
1.0,L4 minus L4_no_push,0.0,final-v1:long_chain_fork:authority_unknown:business-0,1.0,unrelated_retention
0.0,L4 minus L4_no_push,0.0,final-v1:long_chain_fork:authority_unknown:business-0,0.0,overfreeze_rate
0.0,L4 minus L4_no_push,0.0,final-v1:long_chain_fork:authority_unknown:business-0,0.0,propagation_handoffs_per_task
0.0,L4 minus L4_no_push,0.0,final-v1:long_chain_fork:authority_unknown:business-0,0.0,recovery_rate_confirmed
1.0,L4 minus L4_no_push,0.0,final-v1:long_chain_fork:authority_unknown:business-0,1.0,route_coverage
1494.375,L4 minus L4_no_push,8.25,final-v1:long_chain_fork:authority_unknown:business-0,1502.625,tokens_per_decision
0.5,L4 minus L4_no_fact,-0.5,final-v1:long_chain_fork:authority_unknown:business-0,0.0,unsafe_rate
0.5,L4 minus L4_no_fact,0.0,final-v1:long_chain_fork:authority_unknown:business-0,0.5,safe_rate
1.0,L4 minus L4_no_fact,0.0,final-v1:long_chain_fork:authority_unknown:business-0,1.0,unrelated_retention
0.0,L4 minus L4_no_fact,0.0,final-v1:long_chain_fork:authority_unknown:business-0,0.0,overfreeze_rate
1.5,L4 minus L4_no_fact,-1.5,final-v1:long_chain_fork:authority_unknown:business-0,0.0,propagation_handoffs_per_task
0.0,L4 minus L4_no_fact,0.0,final-v1:long_chain_fork:authority_unknown:business-0,0.0,recovery_rate_confirmed
1.0,L4 minus L4_no_fact,0.0,final-v1:long_chain_fork:authority_unknown:business-0,1.0,route_coverage
1500.5,L4 minus L4_no_fact,2.125,final-v1:long_chain_fork:authority_unknown:business-0,1502.625,tokens_per_decision
0.0,L4 minus L4_no_recovery,0.0,final-v1:long_chain_fork:authority_unknown:business-0,0.0,unsafe_rate
0.5,L4 minus L4_no_recovery,0.0,final-v1:long_chain_fork:authority_unknown:business-0,0.5,safe_rate
1.0,L4 minus L4_no_recovery,0.0,final-v1:long_chain_fork:authority_unknown:business-0,1.0,unrelated_retention
0.0,L4 minus L4_no_recovery,0.0,final-v1:long_chain_fork:authority_unknown:business-0,0.0,overfreeze_rate
0.0,L4 minus L4_no_recovery,0.0,final-v1:long_chain_fork:authority_unknown:business-0,0.0,propagation_handoffs_per_task
0.0,L4 minus L4_no_recovery,0.0,final-v1:long_chain_fork:authority_unknown:business-0,0.0,recovery_rate_confirmed
1.0,L4 minus L4_no_recovery,0.0,final-v1:long_chain_fork:authority_unknown:business-0,1.0,route_coverage
1497.625,L4 minus L4_no_recovery,5.0,final-v1:long_chain_fork:authority_unknown:business-0,1502.625,tokens_per_decision
0.5,L4 minus L3_coarse,-0.5,final-v1:long_chain_fork:authority_unknown:business-0,0.0,unsafe_rate
0.5,L4 minus L3_coarse,0.0,final-v1:long_chain_fork:authority_unknown:business-0,0.5,safe_rate
1.0,L4 minus L3_coarse,0.0,final-v1:long_chain_fork:authority_unknown:business-0,1.0,unrelated_retention
0.0,L4 minus L3_coarse,0.0,final-v1:long_chain_fork:authority_unknown:business-0,0.0,overfreeze_rate
1.5,L4 minus L3_coarse,-1.5,final-v1:long_chain_fork:authority_unknown:business-0,0.0,propagation_handoffs_per_task
0.0,L4 minus L3_coarse,0.0,final-v1:long_chain_fork:authority_unknown:business-0,0.0,recovery_rate_confirmed
1.0,L4 minus L3_coarse,0.0,final-v1:long_chain_fork:authority_unknown:business-0,1.0,route_coverage
2309.1176470588234,L4 minus L3_coarse,-806.4926470588234,final-v1:long_chain_fork:authority_unknown:business-0,1502.625,tokens_per_decision
0.5,L4 minus verify_all,-0.5,final-v1:long_chain_fork:authority_unknown:business-0,0.0,unsafe_rate
0.5,L4 minus verify_all,0.0,final-v1:long_chain_fork:authority_unknown:business-0,0.5,safe_rate
1.0,L4 minus verify_all,0.0,final-v1:long_chain_fork:authority_unknown:business-0,1.0,unrelated_retention
0.0,L4 minus verify_all,0.0,final-v1:long_chain_fork:authority_unknown:business-0,0.0,overfreeze_rate
1.5,L4 minus verify_all,-1.5,final-v1:long_chain_fork:authority_unknown:business-0,0.0,propagation_handoffs_per_task
0.0,L4 minus verify_all,0.0,final-v1:long_chain_fork:authority_unknown:business-0,0.0,recovery_rate_confirmed
1.0,L4 minus verify_all,0.0,final-v1:long_chain_fork:authority_unknown:business-0,1.0,route_coverage
1499.125,L4 minus verify_all,3.5,final-v1:long_chain_fork:authority_unknown:business-0,1502.625,tokens_per_decision
0.0,L4 minus L4_no_push,0.0,final-v1:long_chain_fork:branch_retraction:business-0,0.0,unsafe_rate
0.5,L4 minus L4_no_push,0.25,final-v1:long_chain_fork:branch_retraction:business-0,0.75,safe_rate
0.6666666666666666,L4 minus L4_no_push,0.33333333333333337,final-v1:long_chain_fork:branch_retraction:business-0,1.0,unrelated_retention
0.0,L4 minus L4_no_push,0.0,final-v1:long_chain_fork:branch_retraction:business-0,0.0,overfreeze_rate
0.0,L4 minus L4_no_push,0.0,final-v1:long_chain_fork:branch_retraction:business-0,0.0,propagation_handoffs_per_task
0.0,L4 minus L4_no_push,0.0,final-v1:long_chain_fork:branch_retraction:business-0,0.0,recovery_rate_confirmed
1.0,L4 minus L4_no_push,0.0,final-v1:long_chain_fork:branch_retraction:business-0,1.0,route_coverage
2399.4117647058824,L4 minus L4_no_push,-816.4742647058824,final-v1:long_chain_fork:branch_retraction:business-0,1582.9375,tokens_per_decision
0.0,L4 minus L4_no_fact,0.0,final-v1:long_chain_fork:branch_retraction:business-0,0.0,unsafe_rate
0.5,L4 minus L4_no_fact,0.25,final-v1:long_chain_fork:branch_retraction:business-0,0.75,safe_rate
0.6666666666666666,L4 minus L4_no_fact,0.33333333333333337,final-v1:long_chain_fork:branch_retraction:business-0,1.0,unrelated_retention
0.0,L4 minus L4_no_fact,0.0,final-v1:long_chain_fork:branch_retraction:business-0,0.0,overfreeze_rate
0.0,L4 minus L4_no_fact,0.0,final-v1:long_chain_fork:branch_retraction:business-0,0.0,propagation_handoffs_per_task
0.0,L4 minus L4_no_fact,0.0,final-v1:long_chain_fork:branch_retraction:business-0,0.0,recovery_rate_confirmed
1.0,L4 minus L4_no_fact,0.0,final-v1:long_chain_fork:branch_retraction:business-0,1.0,route_coverage
1872.764705882353,L4 minus L4_no_fact,-289.8272058823529,final-v1:long_chain_fork:branch_retraction:business-0,1582.9375,tokens_per_decision
0.0,L4 minus L4_no_recovery,0.0,final-v1:long_chain_fork:branch_retraction:business-0,0.0,unsafe_rate
0.75,L4 minus L4_no_recovery,0.0,final-v1:long_chain_fork:branch_retraction:business-0,0.75,safe_rate
1.0,L4 minus L4_no_recovery,0.0,final-v1:long_chain_fork:branch_retraction:business-0,1.0,unrelated_retention
0.0,L4 minus L4_no_recovery,0.0,final-v1:long_chain_fork:branch_retraction:business-0,0.0,overfreeze_rate
0.0,L4 minus L4_no_recovery,0.0,final-v1:long_chain_fork:branch_retraction:business-0,0.0,propagation_handoffs_per_task
0.0,L4 minus L4_no_recovery,0.0,final-v1:long_chain_fork:branch_retraction:business-0,0.0,recovery_rate_confirmed
1.0,L4 minus L4_no_recovery,0.0,final-v1:long_chain_fork:branch_retraction:business-0,1.0,route_coverage
1363.875,L4 minus L4_no_recovery,219.0625,final-v1:long_chain_fork:branch_retraction:business-0,1582.9375,tokens_per_decision
0.0,L4 minus L3_coarse,0.0,final-v1:long_chain_fork:branch_retraction:business-0,0.0,unsafe_rate
0.5,L4 minus L3_coarse,0.25,final-v1:long_chain_fork:branch_retraction:business-0,0.75,safe_rate
0.6666666666666666,L4 minus L3_coarse,0.33333333333333337,final-v1:long_chain_fork:branch_retraction:business-0,1.0,unrelated_retention
0.3333333333333333,L4 minus L3_coarse,-0.3333333333333333,final-v1:long_chain_fork:branch_retraction:business-0,0.0,overfreeze_rate
0.0,L4 minus L3_coarse,0.0,final-v1:long_chain_fork:branch_retraction:business-0,0.0,propagation_handoffs_per_task
0.0,L4 minus L3_coarse,0.0,final-v1:long_chain_fork:branch_retraction:business-0,0.0,recovery_rate_confirmed
1.0,L4 minus L3_coarse,0.0,final-v1:long_chain_fork:branch_retraction:business-0,1.0,route_coverage
1336.625,L4 minus L3_coarse,246.3125,final-v1:long_chain_fork:branch_retraction:business-0,1582.9375,tokens_per_decision
0.0,L4 minus verify_all,0.0,final-v1:long_chain_fork:branch_retraction:business-0,0.0,unsafe_rate
0.5,L4 minus verify_all,0.25,final-v1:long_chain_fork:branch_retraction:business-0,0.75,safe_rate
0.6666666666666666,L4 minus verify_all,0.33333333333333337,final-v1:long_chain_fork:branch_retraction:business-0,1.0,unrelated_retention
0.0,L4 minus verify_all,0.0,final-v1:long_chain_fork:branch_retraction:business-0,0.0,overfreeze_rate
0.0,L4 minus verify_all,0.0,final-v1:long_chain_fork:branch_retraction:business-0,0.0,propagation_handoffs_per_task
0.0,L4 minus verify_all,0.0,final-v1:long_chain_fork:branch_retraction:business-0,0.0,recovery_rate_confirmed
1.0,L4 minus verify_all,0.0,final-v1:long_chain_fork:branch_retraction:business-0,1.0,route_coverage
1570.25,L4 minus verify_all,12.6875,final-v1:long_chain_fork:branch_retraction:business-0,1582.9375,tokens_per_decision
0.0,L4 minus L4_no_push,0.0,final-v1:long_chain_fork:conflicting_sources:business-0,0.0,unsafe_rate
0.5,L4 minus L4_no_push,0.0,final-v1:long_chain_fork:conflicting_sources:business-0,0.5,safe_rate
1.0,L4 minus L4_no_push,0.0,final-v1:long_chain_fork:conflicting_sources:business-0,1.0,unrelated_retention
0.0,L4 minus L4_no_push,0.0,final-v1:long_chain_fork:conflicting_sources:business-0,0.0,overfreeze_rate
0.0,L4 minus L4_no_push,0.0,final-v1:long_chain_fork:conflicting_sources:business-0,0.0,propagation_handoffs_per_task
0.0,L4 minus L4_no_push,0.0,final-v1:long_chain_fork:conflicting_sources:business-0,0.0,recovery_rate_confirmed
1.0,L4 minus L4_no_push,0.0,final-v1:long_chain_fork:conflicting_sources:business-0,1.0,route_coverage
1600.8235294117646,L4 minus L4_no_push,-23.07352941176464,final-v1:long_chain_fork:conflicting_sources:business-0,1577.75,tokens_per_decision
0.5,L4 minus L4_no_fact,-0.5,final-v1:long_chain_fork:conflicting_sources:business-0,0.0,unsafe_rate
0.5,L4 minus L4_no_fact,0.0,final-v1:long_chain_fork:conflicting_sources:business-0,0.5,safe_rate
1.0,L4 minus L4_no_fact,0.0,final-v1:long_chain_fork:conflicting_sources:business-0,1.0,unrelated_retention
0.0,L4 minus L4_no_fact,0.0,final-v1:long_chain_fork:conflicting_sources:business-0,0.0,overfreeze_rate
1.5,L4 minus L4_no_fact,-1.5,final-v1:long_chain_fork:conflicting_sources:business-0,0.0,propagation_handoffs_per_task
0.0,L4 minus L4_no_fact,0.0,final-v1:long_chain_fork:conflicting_sources:business-0,0.0,recovery_rate_confirmed
1.0,L4 minus L4_no_fact,0.0,final-v1:long_chain_fork:conflicting_sources:business-0,1.0,route_coverage
1585.1875,L4 minus L4_no_fact,-7.4375,final-v1:long_chain_fork:conflicting_sources:business-0,1577.75,tokens_per_decision
0.0,L4 minus L4_no_recovery,0.0,final-v1:long_chain_fork:conflicting_sources:business-0,0.0,unsafe_rate
0.5,L4 minus L4_no_recovery,0.0,final-v1:long_chain_fork:conflicting_sources:business-0,0.5,safe_rate
1.0,L4 minus L4_no_recovery,0.0,final-v1:long_chain_fork:conflicting_sources:business-0,1.0,unrelated_retention
0.0,L4 minus L4_no_recovery,0.0,final-v1:long_chain_fork:conflicting_sources:business-0,0.0,overfreeze_rate
0.0,L4 minus L4_no_recovery,0.0,final-v1:long_chain_fork:conflicting_sources:business-0,0.0,propagation_handoffs_per_task
0.0,L4 minus L4_no_recovery,0.0,final-v1:long_chain_fork:conflicting_sources:business-0,0.0,recovery_rate_confirmed
1.0,L4 minus L4_no_recovery,0.0,final-v1:long_chain_fork:conflicting_sources:business-0,1.0,route_coverage
1371.8125,L4 minus L4_no_recovery,205.9375,final-v1:long_chain_fork:conflicting_sources:business-0,1577.75,tokens_per_decision
0.0,L4 minus L3_coarse,0.0,final-v1:long_chain_fork:conflicting_sources:business-0,0.0,unsafe_rate
0.5,L4 minus L3_coarse,0.0,final-v1:long_chain_fork:conflicting_sources:business-0,0.5,safe_rate
1.0,L4 minus L3_coarse,0.0,final-v1:long_chain_fork:conflicting_sources:business-0,1.0,unrelated_retention
0.0,L4 minus L3_coarse,0.0,final-v1:long_chain_fork:conflicting_sources:business-0,0.0,overfreeze_rate
0.0,L4 minus L3_coarse,0.0,final-v1:long_chain_fork:conflicting_sources:business-0,0.0,propagation_handoffs_per_task
0.0,L4 minus L3_coarse,0.0,final-v1:long_chain_fork:conflicting_sources:business-0,0.0,recovery_rate_confirmed
1.0,L4 minus L3_coarse,0.0,final-v1:long_chain_fork:conflicting_sources:business-0,1.0,route_coverage
1727.7777777777778,L4 minus L3_coarse,-150.02777777777783,final-v1:long_chain_fork:conflicting_sources:business-0,1577.75,tokens_per_decision
0.0,L4 minus verify_all,0.0,final-v1:long_chain_fork:conflicting_sources:business-0,0.0,unsafe_rate
0.5,L4 minus verify_all,0.0,final-v1:long_chain_fork:conflicting_sources:business-0,0.5,safe_rate
1.0,L4 minus verify_all,0.0,final-v1:long_chain_fork:conflicting_sources:business-0,1.0,unrelated_retention
0.0,L4 minus verify_all,0.0,final-v1:long_chain_fork:conflicting_sources:business-0,0.0,overfreeze_rate
0.0,L4 minus verify_all,0.0,final-v1:long_chain_fork:conflicting_sources:business-0,0.0,propagation_handoffs_per_task
0.0,L4 minus verify_all,0.0,final-v1:long_chain_fork:conflicting_sources:business-0,0.0,recovery_rate_confirmed
1.0,L4 minus verify_all,0.0,final-v1:long_chain_fork:conflicting_sources:business-0,1.0,route_coverage
2564.722222222222,L4 minus verify_all,-986.9722222222222,final-v1:long_chain_fork:conflicting_sources:business-0,1577.75,tokens_per_decision
0.0,L4 minus L4_no_push,0.0,final-v1:long_chain_fork:intermediate_retraction:business-0,0.0,unsafe_rate
0.5,L4 minus L4_no_push,0.0,final-v1:long_chain_fork:intermediate_retraction:business-0,0.5,safe_rate
1.0,L4 minus L4_no_push,0.0,final-v1:long_chain_fork:intermediate_retraction:business-0,1.0,unrelated_retention
0.0,L4 minus L4_no_push,0.0,final-v1:long_chain_fork:intermediate_retraction:business-0,0.0,overfreeze_rate
0.0,L4 minus L4_no_push,0.0,final-v1:long_chain_fork:intermediate_retraction:business-0,0.0,propagation_handoffs_per_task
0.0,L4 minus L4_no_push,0.0,final-v1:long_chain_fork:intermediate_retraction:business-0,0.0,recovery_rate_confirmed
1.0,L4 minus L4_no_push,0.0,final-v1:long_chain_fork:intermediate_retraction:business-0,1.0,route_coverage
3431.5263157894738,L4 minus L4_no_push,-1359.8596491228072,final-v1:long_chain_fork:intermediate_retraction:business-0,2071.6666666666665,tokens_per_decision
0.0,L4 minus L4_no_fact,0.0,final-v1:long_chain_fork:intermediate_retraction:business-0,0.0,unsafe_rate
0.25,L4 minus L4_no_fact,0.25,final-v1:long_chain_fork:intermediate_retraction:business-0,0.5,safe_rate
0.5,L4 minus L4_no_fact,0.5,final-v1:long_chain_fork:intermediate_retraction:business-0,1.0,unrelated_retention
0.0,L4 minus L4_no_fact,0.0,final-v1:long_chain_fork:intermediate_retraction:business-0,0.0,overfreeze_rate
0.0,L4 minus L4_no_fact,0.0,final-v1:long_chain_fork:intermediate_retraction:business-0,0.0,propagation_handoffs_per_task
0.0,L4 minus L4_no_fact,0.0,final-v1:long_chain_fork:intermediate_retraction:business-0,0.0,recovery_rate_confirmed
1.0,L4 minus L4_no_fact,0.0,final-v1:long_chain_fork:intermediate_retraction:business-0,1.0,route_coverage
2705.157894736842,L4 minus L4_no_fact,-633.4912280701756,final-v1:long_chain_fork:intermediate_retraction:business-0,2071.6666666666665,tokens_per_decision
0.0,L4 minus L4_no_recovery,0.0,final-v1:long_chain_fork:intermediate_retraction:business-0,0.0,unsafe_rate
0.0,L4 minus L4_no_recovery,0.5,final-v1:long_chain_fork:intermediate_retraction:business-0,0.5,safe_rate
0.0,L4 minus L4_no_recovery,1.0,final-v1:long_chain_fork:intermediate_retraction:business-0,1.0,unrelated_retention
0.0,L4 minus L4_no_recovery,0.0,final-v1:long_chain_fork:intermediate_retraction:business-0,0.0,overfreeze_rate
0.0,L4 minus L4_no_recovery,0.0,final-v1:long_chain_fork:intermediate_retraction:business-0,0.0,propagation_handoffs_per_task
0.0,L4 minus L4_no_recovery,0.0,final-v1:long_chain_fork:intermediate_retraction:business-0,0.0,recovery_rate_confirmed
1.0,L4 minus L4_no_recovery,0.0,final-v1:long_chain_fork:intermediate_retraction:business-0,1.0,route_coverage
2431.1,L4 minus L4_no_recovery,-359.4333333333334,final-v1:long_chain_fork:intermediate_retraction:business-0,2071.6666666666665,tokens_per_decision
0.0,L4 minus L3_coarse,0.0,final-v1:long_chain_fork:intermediate_retraction:business-0,0.0,unsafe_rate
0.0,L4 minus L3_coarse,0.5,final-v1:long_chain_fork:intermediate_retraction:business-0,0.5,safe_rate
0.0,L4 minus L3_coarse,1.0,final-v1:long_chain_fork:intermediate_retraction:business-0,1.0,unrelated_retention
0.5,L4 minus L3_coarse,-0.5,final-v1:long_chain_fork:intermediate_retraction:business-0,0.0,overfreeze_rate
0.0,L4 minus L3_coarse,0.0,final-v1:long_chain_fork:intermediate_retraction:business-0,0.0,propagation_handoffs_per_task
0.0,L4 minus L3_coarse,0.0,final-v1:long_chain_fork:intermediate_retraction:business-0,0.0,recovery_rate_confirmed
1.0,L4 minus L3_coarse,0.0,final-v1:long_chain_fork:intermediate_retraction:business-0,1.0,route_coverage
1658.3125,L4 minus L3_coarse,413.3541666666665,final-v1:long_chain_fork:intermediate_retraction:business-0,2071.6666666666665,tokens_per_decision
0.0,L4 minus verify_all,0.0,final-v1:long_chain_fork:intermediate_retraction:business-0,0.0,unsafe_rate
0.5,L4 minus verify_all,0.0,final-v1:long_chain_fork:intermediate_retraction:business-0,0.5,safe_rate
1.0,L4 minus verify_all,0.0,final-v1:long_chain_fork:intermediate_retraction:business-0,1.0,unrelated_retention
0.0,L4 minus verify_all,0.0,final-v1:long_chain_fork:intermediate_retraction:business-0,0.0,overfreeze_rate
0.0,L4 minus verify_all,0.0,final-v1:long_chain_fork:intermediate_retraction:business-0,0.0,propagation_handoffs_per_task
0.0,L4 minus verify_all,0.0,final-v1:long_chain_fork:intermediate_retraction:business-0,0.0,recovery_rate_confirmed
1.0,L4 minus verify_all,0.0,final-v1:long_chain_fork:intermediate_retraction:business-0,1.0,route_coverage
2294.176470588235,L4 minus verify_all,-222.50980392156862,final-v1:long_chain_fork:intermediate_retraction:business-0,2071.6666666666665,tokens_per_decision
0.0,L4 minus L4_no_push,0.0,final-v1:long_chain_fork:late_notice:business-0,0.0,unsafe_rate
0.25,L4 minus L4_no_push,0.0,final-v1:long_chain_fork:late_notice:business-0,0.25,safe_rate
0.5,L4 minus L4_no_push,0.0,final-v1:long_chain_fork:late_notice:business-0,0.5,unrelated_retention
0.0,L4 minus L4_no_push,0.0,final-v1:long_chain_fork:late_notice:business-0,0.0,overfreeze_rate
0.0,L4 minus L4_no_push,0.0,final-v1:long_chain_fork:late_notice:business-0,0.0,propagation_handoffs_per_task
0.0,L4 minus L4_no_push,0.0,final-v1:long_chain_fork:late_notice:business-0,0.0,recovery_rate_confirmed
1.0,L4 minus L4_no_push,0.0,final-v1:long_chain_fork:late_notice:business-0,1.0,route_coverage
1651.1176470588234,L4 minus L4_no_push,-1.3051470588234224,final-v1:long_chain_fork:late_notice:business-0,1649.8125,tokens_per_decision
0.0,L4 minus L4_no_fact,0.0,final-v1:long_chain_fork:late_notice:business-0,0.0,unsafe_rate
0.0,L4 minus L4_no_fact,0.25,final-v1:long_chain_fork:late_notice:business-0,0.25,safe_rate
0.0,L4 minus L4_no_fact,0.5,final-v1:long_chain_fork:late_notice:business-0,0.5,unrelated_retention
0.0,L4 minus L4_no_fact,0.0,final-v1:long_chain_fork:late_notice:business-0,0.0,overfreeze_rate
0.0,L4 minus L4_no_fact,0.0,final-v1:long_chain_fork:late_notice:business-0,0.0,propagation_handoffs_per_task
0.0,L4 minus L4_no_fact,0.0,final-v1:long_chain_fork:late_notice:business-0,0.0,recovery_rate_confirmed
1.0,L4 minus L4_no_fact,0.0,final-v1:long_chain_fork:late_notice:business-0,1.0,route_coverage
2726.0555555555557,L4 minus L4_no_fact,-1076.2430555555557,final-v1:long_chain_fork:late_notice:business-0,1649.8125,tokens_per_decision
0.0,L4 minus L4_no_recovery,0.0,final-v1:long_chain_fork:late_notice:business-0,0.0,unsafe_rate
0.25,L4 minus L4_no_recovery,0.0,final-v1:long_chain_fork:late_notice:business-0,0.25,safe_rate
0.5,L4 minus L4_no_recovery,0.0,final-v1:long_chain_fork:late_notice:business-0,0.5,unrelated_retention
0.0,L4 minus L4_no_recovery,0.0,final-v1:long_chain_fork:late_notice:business-0,0.0,overfreeze_rate
0.0,L4 minus L4_no_recovery,0.0,final-v1:long_chain_fork:late_notice:business-0,0.0,propagation_handoffs_per_task
0.0,L4 minus L4_no_recovery,0.0,final-v1:long_chain_fork:late_notice:business-0,0.0,recovery_rate_confirmed
1.0,L4 minus L4_no_recovery,0.0,final-v1:long_chain_fork:late_notice:business-0,1.0,route_coverage
3569.5263157894738,L4 minus L4_no_recovery,-1919.7138157894738,final-v1:long_chain_fork:late_notice:business-0,1649.8125,tokens_per_decision
0.0,L4 minus L3_coarse,0.0,final-v1:long_chain_fork:late_notice:business-0,0.0,unsafe_rate
0.0,L4 minus L3_coarse,0.25,final-v1:long_chain_fork:late_notice:business-0,0.25,safe_rate
0.0,L4 minus L3_coarse,0.5,final-v1:long_chain_fork:late_notice:business-0,0.5,unrelated_retention
0.5,L4 minus L3_coarse,-0.5,final-v1:long_chain_fork:late_notice:business-0,0.0,overfreeze_rate
0.0,L4 minus L3_coarse,0.0,final-v1:long_chain_fork:late_notice:business-0,0.0,propagation_handoffs_per_task
0.0,L4 minus L3_coarse,0.0,final-v1:long_chain_fork:late_notice:business-0,0.0,recovery_rate_confirmed
1.0,L4 minus L3_coarse,0.0,final-v1:long_chain_fork:late_notice:business-0,1.0,route_coverage
1687.7368421052631,L4 minus L3_coarse,-37.92434210526312,final-v1:long_chain_fork:late_notice:business-0,1649.8125,tokens_per_decision
0.0,L4 minus verify_all,0.0,final-v1:long_chain_fork:late_notice:business-0,0.0,unsafe_rate
0.0,L4 minus verify_all,0.25,final-v1:long_chain_fork:late_notice:business-0,0.25,safe_rate
0.0,L4 minus verify_all,0.5,final-v1:long_chain_fork:late_notice:business-0,0.5,unrelated_retention
0.0,L4 minus verify_all,0.0,final-v1:long_chain_fork:late_notice:business-0,0.0,overfreeze_rate
0.0,L4 minus verify_all,0.0,final-v1:long_chain_fork:late_notice:business-0,0.0,propagation_handoffs_per_task
0.0,L4 minus verify_all,0.0,final-v1:long_chain_fork:late_notice:business-0,0.0,recovery_rate_confirmed
1.0,L4 minus verify_all,0.0,final-v1:long_chain_fork:late_notice:business-0,1.0,route_coverage
2717.6666666666665,L4 minus verify_all,-1067.8541666666665,final-v1:long_chain_fork:late_notice:business-0,1649.8125,tokens_per_decision
0.0,L4 minus L4_no_push,0.0,final-v1:long_chain_fork:root_retraction:business-0,0.0,unsafe_rate
0.5,L4 minus L4_no_push,0.0,final-v1:long_chain_fork:root_retraction:business-0,0.5,safe_rate
1.0,L4 minus L4_no_push,0.0,final-v1:long_chain_fork:root_retraction:business-0,1.0,unrelated_retention
0.0,L4 minus L4_no_push,0.0,final-v1:long_chain_fork:root_retraction:business-0,0.0,overfreeze_rate
0.0,L4 minus L4_no_push,0.0,final-v1:long_chain_fork:root_retraction:business-0,0.0,propagation_handoffs_per_task
0.0,L4 minus L4_no_push,0.0,final-v1:long_chain_fork:root_retraction:business-0,0.0,recovery_rate_confirmed
1.0,L4 minus L4_no_push,0.0,final-v1:long_chain_fork:root_retraction:business-0,1.0,route_coverage
1654.625,L4 minus L4_no_push,1347.5654761904761,final-v1:long_chain_fork:root_retraction:business-0,3002.190476190476,tokens_per_decision
0.0,L4 minus L4_no_fact,0.0,final-v1:long_chain_fork:root_retraction:business-0,0.0,unsafe_rate
0.25,L4 minus L4_no_fact,0.25,final-v1:long_chain_fork:root_retraction:business-0,0.5,safe_rate
0.5,L4 minus L4_no_fact,0.5,final-v1:long_chain_fork:root_retraction:business-0,1.0,unrelated_retention
0.0,L4 minus L4_no_fact,0.0,final-v1:long_chain_fork:root_retraction:business-0,0.0,overfreeze_rate
0.0,L4 minus L4_no_fact,0.0,final-v1:long_chain_fork:root_retraction:business-0,0.0,propagation_handoffs_per_task
0.0,L4 minus L4_no_fact,0.0,final-v1:long_chain_fork:root_retraction:business-0,0.0,recovery_rate_confirmed
1.0,L4 minus L4_no_fact,0.0,final-v1:long_chain_fork:root_retraction:business-0,1.0,route_coverage
1695.125,L4 minus L4_no_fact,1307.0654761904761,final-v1:long_chain_fork:root_retraction:business-0,3002.190476190476,tokens_per_decision
0.0,L4 minus L4_no_recovery,0.0,final-v1:long_chain_fork:root_retraction:business-0,0.0,unsafe_rate
0.5,L4 minus L4_no_recovery,0.0,final-v1:long_chain_fork:root_retraction:business-0,0.5,safe_rate
1.0,L4 minus L4_no_recovery,0.0,final-v1:long_chain_fork:root_retraction:business-0,1.0,unrelated_retention
0.0,L4 minus L4_no_recovery,0.0,final-v1:long_chain_fork:root_retraction:business-0,0.0,overfreeze_rate
0.0,L4 minus L4_no_recovery,0.0,final-v1:long_chain_fork:root_retraction:business-0,0.0,propagation_handoffs_per_task
0.0,L4 minus L4_no_recovery,0.0,final-v1:long_chain_fork:root_retraction:business-0,0.0,recovery_rate_confirmed
1.0,L4 minus L4_no_recovery,0.0,final-v1:long_chain_fork:root_retraction:business-0,1.0,route_coverage
1678.125,L4 minus L4_no_recovery,1324.0654761904761,final-v1:long_chain_fork:root_retraction:business-0,3002.190476190476,tokens_per_decision
0.0,L4 minus L3_coarse,0.0,final-v1:long_chain_fork:root_retraction:business-0,0.0,unsafe_rate
0.0,L4 minus L3_coarse,0.5,final-v1:long_chain_fork:root_retraction:business-0,0.5,safe_rate
0.0,L4 minus L3_coarse,1.0,final-v1:long_chain_fork:root_retraction:business-0,1.0,unrelated_retention
1.0,L4 minus L3_coarse,-1.0,final-v1:long_chain_fork:root_retraction:business-0,0.0,overfreeze_rate
0.0,L4 minus L3_coarse,0.0,final-v1:long_chain_fork:root_retraction:business-0,0.0,propagation_handoffs_per_task
0.0,L4 minus L3_coarse,0.0,final-v1:long_chain_fork:root_retraction:business-0,0.0,recovery_rate_confirmed
1.0,L4 minus L3_coarse,0.0,final-v1:long_chain_fork:root_retraction:business-0,1.0,route_coverage
1424.888888888889,L4 minus L3_coarse,1577.3015873015872,final-v1:long_chain_fork:root_retraction:business-0,3002.190476190476,tokens_per_decision
0.0,L4 minus verify_all,0.0,final-v1:long_chain_fork:root_retraction:business-0,0.0,unsafe_rate
0.25,L4 minus verify_all,0.25,final-v1:long_chain_fork:root_retraction:business-0,0.5,safe_rate
0.5,L4 minus verify_all,0.5,final-v1:long_chain_fork:root_retraction:business-0,1.0,unrelated_retention
0.0,L4 minus verify_all,0.0,final-v1:long_chain_fork:root_retraction:business-0,0.0,overfreeze_rate
0.0,L4 minus verify_all,0.0,final-v1:long_chain_fork:root_retraction:business-0,0.0,propagation_handoffs_per_task
0.0,L4 minus verify_all,0.0,final-v1:long_chain_fork:root_retraction:business-0,0.0,recovery_rate_confirmed
1.0,L4 minus verify_all,0.0,final-v1:long_chain_fork:root_retraction:business-0,1.0,route_coverage
1635.5882352941176,L4 minus verify_all,1366.6022408963586,final-v1:long_chain_fork:root_retraction:business-0,3002.190476190476,tokens_per_decision
0.0,L4 minus L4_no_push,0.0,final-v1:long_chain_fork:signed_false:business-0,0.0,unsafe_rate
0.5,L4 minus L4_no_push,0.0,final-v1:long_chain_fork:signed_false:business-0,0.5,safe_rate
1.0,L4 minus L4_no_push,0.0,final-v1:long_chain_fork:signed_false:business-0,1.0,unrelated_retention
0.0,L4 minus L4_no_push,0.0,final-v1:long_chain_fork:signed_false:business-0,0.0,overfreeze_rate
0.0,L4 minus L4_no_push,0.0,final-v1:long_chain_fork:signed_false:business-0,0.0,propagation_handoffs_per_task
0.0,L4 minus L4_no_push,0.0,final-v1:long_chain_fork:signed_false:business-0,0.0,recovery_rate_confirmed
1.0,L4 minus L4_no_push,0.0,final-v1:long_chain_fork:signed_false:business-0,1.0,route_coverage
1335.3125,L4 minus L4_no_push,199.125,final-v1:long_chain_fork:signed_false:business-0,1534.4375,tokens_per_decision
0.5,L4 minus L4_no_fact,-0.5,final-v1:long_chain_fork:signed_false:business-0,0.0,unsafe_rate
0.5,L4 minus L4_no_fact,0.0,final-v1:long_chain_fork:signed_false:business-0,0.5,safe_rate
1.0,L4 minus L4_no_fact,0.0,final-v1:long_chain_fork:signed_false:business-0,1.0,unrelated_retention
0.0,L4 minus L4_no_fact,0.0,final-v1:long_chain_fork:signed_false:business-0,0.0,overfreeze_rate
1.5,L4 minus L4_no_fact,-1.5,final-v1:long_chain_fork:signed_false:business-0,0.0,propagation_handoffs_per_task
0.0,L4 minus L4_no_fact,0.0,final-v1:long_chain_fork:signed_false:business-0,0.0,recovery_rate_confirmed
1.0,L4 minus L4_no_fact,0.0,final-v1:long_chain_fork:signed_false:business-0,1.0,route_coverage
1531.0625,L4 minus L4_no_fact,3.375,final-v1:long_chain_fork:signed_false:business-0,1534.4375,tokens_per_decision
0.0,L4 minus L4_no_recovery,0.0,final-v1:long_chain_fork:signed_false:business-0,0.0,unsafe_rate
0.5,L4 minus L4_no_recovery,0.0,final-v1:long_chain_fork:signed_false:business-0,0.5,safe_rate
1.0,L4 minus L4_no_recovery,0.0,final-v1:long_chain_fork:signed_false:business-0,1.0,unrelated_retention
0.0,L4 minus L4_no_recovery,0.0,final-v1:long_chain_fork:signed_false:business-0,0.0,overfreeze_rate
0.0,L4 minus L4_no_recovery,0.0,final-v1:long_chain_fork:signed_false:business-0,0.0,propagation_handoffs_per_task
0.0,L4 minus L4_no_recovery,0.0,final-v1:long_chain_fork:signed_false:business-0,0.0,recovery_rate_confirmed
1.0,L4 minus L4_no_recovery,0.0,final-v1:long_chain_fork:signed_false:business-0,1.0,route_coverage
1542.625,L4 minus L4_no_recovery,-8.1875,final-v1:long_chain_fork:signed_false:business-0,1534.4375,tokens_per_decision
0.5,L4 minus L3_coarse,-0.5,final-v1:long_chain_fork:signed_false:business-0,0.0,unsafe_rate
0.5,L4 minus L3_coarse,0.0,final-v1:long_chain_fork:signed_false:business-0,0.5,safe_rate
1.0,L4 minus L3_coarse,0.0,final-v1:long_chain_fork:signed_false:business-0,1.0,unrelated_retention
0.0,L4 minus L3_coarse,0.0,final-v1:long_chain_fork:signed_false:business-0,0.0,overfreeze_rate
1.5,L4 minus L3_coarse,-1.5,final-v1:long_chain_fork:signed_false:business-0,0.0,propagation_handoffs_per_task
0.0,L4 minus L3_coarse,0.0,final-v1:long_chain_fork:signed_false:business-0,0.0,recovery_rate_confirmed
1.0,L4 minus L3_coarse,0.0,final-v1:long_chain_fork:signed_false:business-0,1.0,route_coverage
1532.6875,L4 minus L3_coarse,1.75,final-v1:long_chain_fork:signed_false:business-0,1534.4375,tokens_per_decision
0.5,L4 minus verify_all,-0.5,final-v1:long_chain_fork:signed_false:business-0,0.0,unsafe_rate
0.5,L4 minus verify_all,0.0,final-v1:long_chain_fork:signed_false:business-0,0.5,safe_rate
1.0,L4 minus verify_all,0.0,final-v1:long_chain_fork:signed_false:business-0,1.0,unrelated_retention
0.0,L4 minus verify_all,0.0,final-v1:long_chain_fork:signed_false:business-0,0.0,overfreeze_rate
1.5,L4 minus verify_all,-1.5,final-v1:long_chain_fork:signed_false:business-0,0.0,propagation_handoffs_per_task
0.0,L4 minus verify_all,0.0,final-v1:long_chain_fork:signed_false:business-0,0.0,recovery_rate_confirmed
1.0,L4 minus verify_all,0.0,final-v1:long_chain_fork:signed_false:business-0,1.0,route_coverage
1538.8125,L4 minus verify_all,-4.375,final-v1:long_chain_fork:signed_false:business-0,1534.4375,tokens_per_decision
0.0,L4 minus L4_no_push,0.0,final-v1:long_chain_fork:tampered_handoff:business-0,0.0,unsafe_rate
0.75,L4 minus L4_no_push,0.0,final-v1:long_chain_fork:tampered_handoff:business-0,0.75,safe_rate
1.0,L4 minus L4_no_push,0.0,final-v1:long_chain_fork:tampered_handoff:business-0,1.0,unrelated_retention
0.0,L4 minus L4_no_push,0.0,final-v1:long_chain_fork:tampered_handoff:business-0,0.0,overfreeze_rate
0.0,L4 minus L4_no_push,0.0,final-v1:long_chain_fork:tampered_handoff:business-0,0.0,propagation_handoffs_per_task
0.0,L4 minus L4_no_push,0.0,final-v1:long_chain_fork:tampered_handoff:business-0,0.0,recovery_rate_confirmed
1.0,L4 minus L4_no_push,0.0,final-v1:long_chain_fork:tampered_handoff:business-0,1.0,route_coverage
1486.75,L4 minus L4_no_push,-234.625,final-v1:long_chain_fork:tampered_handoff:business-0,1252.125,tokens_per_decision
0.0,L4 minus L4_no_fact,0.0,final-v1:long_chain_fork:tampered_handoff:business-0,0.0,unsafe_rate
0.75,L4 minus L4_no_fact,0.0,final-v1:long_chain_fork:tampered_handoff:business-0,0.75,safe_rate
1.0,L4 minus L4_no_fact,0.0,final-v1:long_chain_fork:tampered_handoff:business-0,1.0,unrelated_retention
0.0,L4 minus L4_no_fact,0.0,final-v1:long_chain_fork:tampered_handoff:business-0,0.0,overfreeze_rate
0.0,L4 minus L4_no_fact,0.0,final-v1:long_chain_fork:tampered_handoff:business-0,0.0,propagation_handoffs_per_task
0.0,L4 minus L4_no_fact,0.0,final-v1:long_chain_fork:tampered_handoff:business-0,0.0,recovery_rate_confirmed
1.0,L4 minus L4_no_fact,0.0,final-v1:long_chain_fork:tampered_handoff:business-0,1.0,route_coverage
1630.8823529411766,L4 minus L4_no_fact,-378.7573529411766,final-v1:long_chain_fork:tampered_handoff:business-0,1252.125,tokens_per_decision
0.0,L4 minus L4_no_recovery,0.0,final-v1:long_chain_fork:tampered_handoff:business-0,0.0,unsafe_rate
0.75,L4 minus L4_no_recovery,0.0,final-v1:long_chain_fork:tampered_handoff:business-0,0.75,safe_rate
1.0,L4 minus L4_no_recovery,0.0,final-v1:long_chain_fork:tampered_handoff:business-0,1.0,unrelated_retention
0.0,L4 minus L4_no_recovery,0.0,final-v1:long_chain_fork:tampered_handoff:business-0,0.0,overfreeze_rate
0.0,L4 minus L4_no_recovery,0.0,final-v1:long_chain_fork:tampered_handoff:business-0,0.0,propagation_handoffs_per_task
0.0,L4 minus L4_no_recovery,0.0,final-v1:long_chain_fork:tampered_handoff:business-0,0.0,recovery_rate_confirmed
1.0,L4 minus L4_no_recovery,0.0,final-v1:long_chain_fork:tampered_handoff:business-0,1.0,route_coverage
1234.5,L4 minus L4_no_recovery,17.625,final-v1:long_chain_fork:tampered_handoff:business-0,1252.125,tokens_per_decision
0.0,L4 minus L3_coarse,0.0,final-v1:long_chain_fork:tampered_handoff:business-0,0.0,unsafe_rate
0.75,L4 minus L3_coarse,0.0,final-v1:long_chain_fork:tampered_handoff:business-0,0.75,safe_rate
1.0,L4 minus L3_coarse,0.0,final-v1:long_chain_fork:tampered_handoff:business-0,1.0,unrelated_retention
0.0,L4 minus L3_coarse,0.0,final-v1:long_chain_fork:tampered_handoff:business-0,0.0,overfreeze_rate
0.0,L4 minus L3_coarse,0.0,final-v1:long_chain_fork:tampered_handoff:business-0,0.0,propagation_handoffs_per_task
0.0,L4 minus L3_coarse,0.0,final-v1:long_chain_fork:tampered_handoff:business-0,0.0,recovery_rate_confirmed
1.0,L4 minus L3_coarse,0.0,final-v1:long_chain_fork:tampered_handoff:business-0,1.0,route_coverage
1398.9411764705883,L4 minus L3_coarse,-146.8161764705883,final-v1:long_chain_fork:tampered_handoff:business-0,1252.125,tokens_per_decision
0.0,L4 minus verify_all,0.0,final-v1:long_chain_fork:tampered_handoff:business-0,0.0,unsafe_rate
0.75,L4 minus verify_all,0.0,final-v1:long_chain_fork:tampered_handoff:business-0,0.75,safe_rate
1.0,L4 minus verify_all,0.0,final-v1:long_chain_fork:tampered_handoff:business-0,1.0,unrelated_retention
0.0,L4 minus verify_all,0.0,final-v1:long_chain_fork:tampered_handoff:business-0,0.0,overfreeze_rate
0.0,L4 minus verify_all,0.0,final-v1:long_chain_fork:tampered_handoff:business-0,0.0,propagation_handoffs_per_task
0.0,L4 minus verify_all,0.0,final-v1:long_chain_fork:tampered_handoff:business-0,0.0,recovery_rate_confirmed
1.0,L4 minus verify_all,0.0,final-v1:long_chain_fork:tampered_handoff:business-0,1.0,route_coverage
1246.625,L4 minus verify_all,5.5,final-v1:long_chain_fork:tampered_handoff:business-0,1252.125,tokens_per_decision
